site,SerialNo,slope,intercept,Rsquared
BO,21076249,0.922857481,181.5441838,0.999624347
JL,21076247,1.00091695,-89.83864642,0.999037884
NIC,10745660,1.160810561,-595.0239075,0.995079108
SAC,10745661,1.3052,-825.54,0.954847046
TS,21076248,0.89030822,1101.75558,0.994271637
