site,SerialNo,slope,intercept,Rsquared
BO,21076249,0.9228574811055132,181.54418382382883,0.9996243468512073
JL,21076247,1.0009169501646036,-89.83864642205454,0.9990378836272135
NIC,10745660,1.1608105606311605,-595.0239074538941,0.9950791082514395
SAC,10745661,1.615558583030375,-2068.032048508093,0.9548470456561152
TS,21076248,0.8903082197233501,1101.7555800156524,0.9942716372480946
