site,SerialNo,Slope,Intercept,Rsquared
BO,21076249,0.0007418,-0.5874544,0.996
JL,21076247,0.0008036,-0.7965983,0.9929
NI_C,10745660,0.0009299,-1.1857744,0.9847
SA_C,10745661,0.001284,-2.295414,0.9296
TS,21076248,0.0007184,0.1279275,0.9984
