site,SerialNo,Slope,Intercept,Rsquared
BO,14726,0.676343185,10.16350339,0.920814993
JL,14730,0.253406691,4.874338695,0.937597343
NI_C,14728,0.262413997,-0.814595245,0.945316218
SA_C,14727,0.227913748,3.646040314,0.955455016
TS,14729,0.24438791,2.020470094,0.952965272
