site,SerialNo,A1,t1,y0
BO,10612033,-783.7652633,10353.37982,781.2820009
JL,10612025,-765.1872013,10595.17811,764.8604993
NI_C,10436989,-756.2404134,12084.76043,758.3461479
SA_C,10436990,-761.2864665,12601.60929,760.6169985
TS,10612055,-773.9724718,10516.18815,775.7104484
